{
  "name": "psadminio-io_weblogic",
  "version": "0.1.0",
  "author": "Eric Bolinger",
  "summary": "Configure various settings for WebLogic running PeopleSoft to complement the DPK",
  "license": "Apache 2.0",
  "source": "https://github.com/psadmin-io/psadminio-io_weblogic",
  "project_page": "https://github.com/psadmin-io/psadminio-io_weblogic",
  "issues_url": "https://github.com/psadmin-io/psadminio-io_weblogic",
  "tags": ["PeopleSoft", "PeopleTools", "DPK", "psadmin.io"],
  "dependencies": [
    {"name":"puppetlabs-stdlib","version_requirement":">= 1.0.0 <= 4.13.1"},
    {"name":"puppetlabs-inifile","version_requirement":">= 1.5.0"},
    {"name":"puppetlabs-java_ks","version_requirement":">= 1.4.1"},
    {"name":"puppet-archive","version_requirement":"0.5.1"}
  ],
  "data_provider": "hiera"
}

