{
  "name": "psadminio-io_portalwar",
  "version": "0.3.0",
  "author": "Eric Bolinger",
  "summary": "Configure various settings in the WebLogic Domain servlet PORTAL.war for Peoplesoft to complement the DPK",
  "license": "Apache-2.0",
  "source": "https://github.com/psadmin-io/psadminio-io_portalwar",
  "dependencies": [
    {
      "name": "puppetlabs-stdlib",
      "version_requirement": ">= 4.5.1 < 5.0.0"
    },
    {
      "name":"puppetlabs-inifile",
      "version_requirement":">= 1.5.0 < 3.0.0"
    }
  ],
  "operatingsystem_support": [
    {
      "operatingsystem": "RedHat",
      "operatingsystemrelease": [
        "7.0"
      ]
    },
    {
      "operatingsystem": "windows",
      "operatingsystemrelease": [
        "2012 R2"
      ]
    }
  ],
  "requirements": [
    {
      "name": "puppet",
      "version_requirement": ">= 3.8.0 < 6.0.0"
    }
  ],
  "pdk-version": "1.18.1",
  "template-url": "pdk-default#1.18.1",
  "template-ref": "tags/1.18.1-0-g3d2e75c"
}
