{
  "CHANGELOG.md": "e7c43b4542725e508f37c969dff942c0",
  "CONTRIBUTING.md": "4d17f3c942e7c93d1577cc4438a231e4",
  "Gemfile": "32053986b68dbe2cdd98cf061e59c708",
  "HISTORY.md": "f037200c8a4e43973960a43f6fc2768d",
  "LICENSE": "3b83ef96387f14655fc854ddc3c6bd57",
  "MAINTAINERS.md": "601b5502368255945a0ec51758d24d72",
  "NOTICE": "d8696846ced56eb64cd473c23a68bf64",
  "README.md": "1c388351c87ddbc8892752ee70ca294d",
  "REFERENCE.md": "fdbef5aead1c54670e45681ea2240e18",
  "Rakefile": "b737fd2ba1682111324e61da2b8d53b0",
  "appveyor.yml": "f311f30afa1475cc429f0d114aafd921",
  "examples/ini_setting.pp": "9c8a9d2c453901cedb106cada253f1f6",
  "examples/ini_subsetting.pp": "16ef08c1534754b47120e58fa9e2f068",
  "lib/puppet/parser/functions/create_ini_settings.rb": "3d3d2567fd4c5a71bec0beebbc8c228c",
  "lib/puppet/provider/ini_setting/ruby.rb": "8b83e058f484cb3475ff17ed49d7927f",
  "lib/puppet/provider/ini_subsetting/ruby.rb": "f5961782c6b0d2efade6ab1ea8d2d05d",
  "lib/puppet/type/ini_setting.rb": "338c3cc0d24bf22fda2977b9dfb9b499",
  "lib/puppet/type/ini_subsetting.rb": "0f84489c9f000455b99b47b7e8d74eef",
  "lib/puppet/util/external_iterator.rb": "aeeaae87574c2d2b895a186b3b03b67c",
  "lib/puppet/util/ini_file/section.rb": "0c973aca899289fed0a57bbd466561ad",
  "lib/puppet/util/ini_file.rb": "970108703c760539172fd07591ce63d2",
  "lib/puppet/util/setting_value.rb": "13ffa9f47a8aa6d0d26f9dfd4f717d49",
  "locales/config.yaml": "2689a5a8fc3c80d049cddc4197ea7b3a",
  "locales/ja/puppetlabs-inifile.po": "fdebcc9c33441932c8280cacf5480d11",
  "locales/puppetlabs-inifile.pot": "00b40b0bc723c6b0e2ff0d3ba05845f6",
  "metadata.json": "3c385f75a26c30bf5a09c8b782ac8964",
  "spec/acceptance/ini_setting_spec.rb": "cb21fbd53a68304284755a719882d1ed",
  "spec/acceptance/ini_subsetting_spec.rb": "32f164bb7e210e074c2388a4fe7de1c4",
  "spec/acceptance/locales_spec.rb": "5059d3c7258ace2f58d7840495788108",
  "spec/acceptance/nodesets/centos-7-x64.yml": "a713f3abd3657f0ae2878829badd23cd",
  "spec/acceptance/nodesets/debian-8-x64.yml": "d2d2977900989f30086ad251a14a1f39",
  "spec/acceptance/nodesets/default.yml": "b42da5a1ea0c964567ba7495574b8808",
  "spec/acceptance/nodesets/docker/centos-7.yml": "8a3892807bdd62306ae4774f41ba11ae",
  "spec/acceptance/nodesets/docker/debian-8.yml": "ac8e871d1068c96de5e85a89daaec6df",
  "spec/acceptance/nodesets/docker/ubuntu-14.04.yml": "dc42ee922a96908d85b8f0f08203ce58",
  "spec/classes/create_ini_settings_test_spec.rb": "bc5d3eb29dd05af9380e0e7082514e73",
  "spec/classes/create_multiple_ini_settings_spec.rb": "0b71592f15f249c95d70c8be6ffb11da",
  "spec/classes/inherit_test1_spec.rb": "a19362ce956087ba0abdbae7a28b99d6",
  "spec/default_facts.yml": "d4442f09ee2f33f2d55f078d0ee2634f",
  "spec/fixtures/create_ini_settings_test/manifests/init.pp": "24dfde4e5e727c491d7388445369ca3d",
  "spec/fixtures/create_multiple_ini_settings/manifests/init.pp": "14be9a3873627bafe4d4cb022b395715",
  "spec/fixtures/inherit_ini_setting/lib/puppet/provider/inherit_ini_setting/ini_setting.rb": "16cdab9b4d6cfa8f4013ed7ea6420c3c",
  "spec/fixtures/inherit_ini_setting/lib/puppet/type/inherit_ini_setting.rb": "ec08c7a0a841f929c5b698d468b052be",
  "spec/fixtures/inherit_test1/manifests/init.pp": "55bb7494f2a13139e1f610c234222d84",
  "spec/functions/create_ini_settings_spec.rb": "f88c156503aa026e843ce08b81a72bc1",
  "spec/spec_helper.rb": "fd4bb1cb211ead965004139598dc7c80",
  "spec/spec_helper_acceptance.rb": "9917007b087ed303c515c4bbbdd90d8f",
  "spec/spec_helper_local.rb": "76b869c1f6c144f1defea8239c53d1aa",
  "spec/unit/puppet/provider/ini_setting/inheritance_spec.rb": "b086b18813722abb309c0d5c43902ce7",
  "spec/unit/puppet/provider/ini_setting/ruby_spec.rb": "53db71f9f5e81a9b6249783682ab2a04",
  "spec/unit/puppet/provider/ini_subsetting/ruby_spec.rb": "ded5c4b44044aefef2ec344ce7fcab41",
  "spec/unit/puppet/type/ini_setting_spec.rb": "4a32e724589521e984ea993296db01e2",
  "spec/unit/puppet/type/ini_subetting_spec.rb": "f1f166b14cc352563225197d645dc2ef",
  "spec/unit/puppet/util/external_iterator_spec.rb": "9e35a3306a3276862975ee30bd69c7f2",
  "spec/unit/puppet/util/ini_file_spec.rb": "52e015621a8c97c0a3444568876415b1",
  "spec/unit/puppet/util/setting_value_spec.rb": "b92633de5968905743dd7fa964162c2a"
}