{
  "name": "puppetlabs-inifile",
  "version": "2.5.0",
  "author": "puppetlabs",
  "summary": "Resource types for managing settings in INI files",
  "license": "Apache-2.0",
  "source": "https://github.com/puppetlabs/puppetlabs-inifile",
  "project_page": "https://github.com/puppetlabs/puppetlabs-inifile",
  "issues_url": "https://tickets.puppetlabs.com/browse/MODULES",
  "dependencies": [
    {
      "name": "puppetlabs/translate",
      "version_requirement": ">= 1.0.0 < 2.0.0"
    }
  ],
  "data_provider": null,
  "operatingsystem_support": [
    {
      "operatingsystem": "RedHat",
      "operatingsystemrelease": [
        "5",
        "6",
        "7"
      ]
    },
    {
      "operatingsystem": "CentOS",
      "operatingsystemrelease": [
        "5",
        "6",
        "7"
      ]
    },
    {
      "operatingsystem": "OracleLinux",
      "operatingsystemrelease": [
        "5",
        "6",
        "7"
      ]
    },
    {
      "operatingsystem": "Scientific",
      "operatingsystemrelease": [
        "6",
        "7"
      ]
    },
    {
      "operatingsystem": "SLES",
      "operatingsystemrelease": [
        "11 SP1",
        "12",
        "15"
      ]
    },
    {
      "operatingsystem": "Debian",
      "operatingsystemrelease": [
        "8",
        "9"
      ]
    },
    {
      "operatingsystem": "Ubuntu",
      "operatingsystemrelease": [
        "14.04",
        "16.04",
        "18.04"
      ]
    },
    {
      "operatingsystem": "Solaris",
      "operatingsystemrelease": [
        "10",
        "11"
      ]
    },
    {
      "operatingsystem": "Windows",
      "operatingsystemrelease": [
        "2008 R2",
        "2012 R2",
        "2016",
        "10"
      ]
    },
    {
      "operatingsystem": "AIX",
      "operatingsystemrelease": [
        "5.3",
        "6.1",
        "7.1"
      ]
    }
  ],
  "requirements": [
    {
      "name": "puppet",
      "version_requirement": ">= 4.7.0 < 7.0.0"
    }
  ],
  "template-url": "https://github.com/puppetlabs/pdk-templates/",
  "template-ref": "heads/master-0-g20af4c6",
  "pdk-version": "1.8.0"
}
