{
  "CHANGELOG.md": "934d0bc9a2a68fd60eb0214f4e66a267",
  "CONTRIBUTING.md": "4d17f3c942e7c93d1577cc4438a231e4",
  "Gemfile": "011ac2f24c0048cee814a3d1348199f8",
  "HISTORY.md": "bc835a1a781369ba8c24681bdeab99f1",
  "LICENSE": "3b83ef96387f14655fc854ddc3c6bd57",
  "MAINTAINERS.md": "86bc26eb48e3994809990c1b49907550",
  "NOTICE": "002a2b26ef50234b43afb62fa62a7b97",
  "README.md": "f1c9accd07043b31a98cb590a0c80b72",
  "Rakefile": "11239df5530f9d3a4d807871368724e9",
  "lib/puppet/functions/translate.rb": "12716869ae42de67e58eadcb726db854",
  "locales/config.yaml": "b291ec1700c36f3b902b5b135b841260",
  "metadata.json": "182b3eab80a33d164a1afaad438cbbe2",
  "spec/acceptance/nodesets/centos-7-x64.yml": "a713f3abd3657f0ae2878829badd23cd",
  "spec/acceptance/nodesets/debian-8-x64.yml": "d2d2977900989f30086ad251a14a1f39",
  "spec/acceptance/nodesets/default.yml": "b42da5a1ea0c964567ba7495574b8808",
  "spec/acceptance/nodesets/docker/centos-7.yml": "8a3892807bdd62306ae4774f41ba11ae",
  "spec/acceptance/nodesets/docker/debian-8.yml": "ac8e871d1068c96de5e85a89daaec6df",
  "spec/acceptance/nodesets/docker/ubuntu-14.04.yml": "dc42ee922a96908d85b8f0f08203ce58",
  "spec/acceptance/translate_spec.rb": "55bdb32fe0a766b66c27d4fcc6551897",
  "spec/default_facts.yml": "b1ca07fac7dcb249d641d8b63239ef7c",
  "spec/functions/translate_spec.rb": "8f12d2a05773d09fea17a064f16b4cf9",
  "spec/spec_helper.rb": "52436bc6f6442debdf72b83b3fa4c281"
}